종목코드,종목명,시장구분,업종명,종가,대비,등락률,시가총액
"095570","AJ네트웍스","KOSPI","서비스업","6620","0","0.00","309963592900"
"006840","AK홀딩스","KOSPI","기타금융","23000","-150","-0.65","304693903000"
"027410","BGF","KOSPI","기타금융","5650","70","1.25","540799869150"
"282330","BGF리테일","KOSPI","유통업","179500","-500","-0.28","3102461127000"
"138930","BNK금융지주","KOSPI","기타금융","8040","60","0.75","2620519377840"
"001460","BYC","KOSPI","섬유의복","459000","0","0.00","286698285000"
"001465","BYC우","KOSPI","섬유의복","179000","-500","-0.28","38553915000"
"001040","CJ","KOSPI","기타금융","88400","-400","-0.45","2579246623200"
"079160","CJ CGV","KOSPI","서비스업","28000","250","0.90","1143180472000"
"00104K","CJ4우(전환)","KOSPI","기타금융","76000","100","0.13","321214912000"
"000120","CJ대한통운","KOSPI","운수창고업","125000","-2000","-1.57","2851543000000"
"011150","CJ씨푸드","KOSPI","음식료품","4550","120","2.71","163485017150"
"011155","CJ씨푸드1우","KOSPI","음식료품","40000","0","0.00","8000000000"
"001045","CJ우","KOSPI","기타금융","53400","100","0.19","120695908200"
"097950","CJ제일제당","KOSPI","음식료품","412500","9000","2.23","6209851725000"
"097955","CJ제일제당 우","KOSPI","음식료품","186500","2500","1.36","247566254500"
"000590","CS홀딩스","KOSPI","기타금융","69300","-1200","-1.70","80005602600"
"012030","DB","KOSPI","서비스업","1015","-5","-0.49","204191541995"
"016610","DB금융투자","KOSPI","증권","6690","10","0.15","283966342410"
"005830","DB손해보험","KOSPI","보험","69900","2800","4.17","4948920000000"
"000990","DB하이텍","KOSPI","전기전자","71400","-1800","-2.46","3170059183200"
"000995","DB하이텍1우","KOSPI","전기전자","100000","-1500","-1.48","11231600000"
"139130","DGB금융지주","KOSPI","기타금융","9210","40","0.44","1557833121930"
"001530","DI동일","KOSPI","유통업","26750","-50","-0.19","683951222500"
"000210","DL","KOSPI","기타금융","60200","500","0.84","1261544216800"
"001880","DL건설","KOSPI","건설업","27050","0","0.00","596541332200"
"000215","DL우","KOSPI","기타금융","40350","50","0.12","68034740250"
"375500","DL이앤씨","KOSPI","건설업","60900","800","1.33","1178947144200"
"37550K","DL이앤씨우","KOSPI","건설업","37050","-50","-0.13","78319439250"
"004840","DRB동일","KOSPI","화학","5620","20","0.36","112006600000"
"155660","DSR","KOSPI","철강금속","6290","-30","-0.47","100640000000"
"069730","DSR제강","KOSPI","철강금속","5440","-120","-2.16","78336000000"
"017940","E1","KOSPI","유통업","47600","550","1.17","326536000000"
"365550","ESR켄달스퀘어리츠","KOSPI","서비스업","7230","30","0.42","1540633470000"
"383220","F&F","KOSPI","섬유의복","140000","-3000","-2.10","5362990500000"
"007700","F&F홀딩스","KOSPI","기타금융","28300","-400","-1.39","1106936586100"
"114090","GKL","KOSPI","서비스업","15300","-200","-1.29","946391751000"
"078930","GS","KOSPI","기타금융","44100","50","0.11","4097568169800"
"006360","GS건설","KOSPI","건설업","41350","-300","-0.72","3538794611500"
"001250","GS글로벌","KOSPI","유통업","4265","515","13.73","352006503460"
"007070","GS리테일","KOSPI","유통업","28900","-350","-1.20","3026347945800"
"078935","GS우","KOSPI","기타금융","36200","0","0.00","64610701200"
"012630","HDC","KOSPI","기타금융","7340","120","1.66","438504232140"
"039570","HDC랩스","KOSPI","건설업","9800","-90","-0.91","254384489800"
"089470","HDC현대EP","KOSPI","화학","4710","-50","-1.05","150249000000"
"294870","HDC현대산업개발","KOSPI","건설업","15100","300","2.03","995200683000"
"267250","HD현대","KOSPI","화학","58700","-100","-0.17","4636894089500"
"097230","HJ중공업","KOSPI","건설업","8090","-50","-0.61","673688933290"
"003580","HLB글로벌","KOSPI","광업","9110","-290","-3.09","384130775070"
"011200","HMM","KOSPI","운수창고업","27400","-500","-1.79","13399682190400"
"082740","HSD엔진","KOSPI","기계","10600","-100","-0.93","495245207600"
"003560","IHQ","KOSPI","서비스업","1160","-30","-2.52","175599182960"
"175330","JB금융지주","KOSPI","기타금융","9010","160","1.81","1774815874940"
"234080","JW생명과학","KOSPI","의약품","15150","0","0.00","239893493100"
"001060","JW중외제약","KOSPI","의약품","29250","650","2.27","648708869250"
"001067","JW중외제약2우B","KOSPI","의약품","69300","-100","-0.14","7132841100"
"001065","JW중외제약우","KOSPI","의약품","37300","0","0.00","6816015500"
"096760","JW홀딩스","KOSPI","기타금융","4350","-5","-0.11","306434471100"
"105560","KB금융","KOSPI","기타금융","61900","1600","2.65","25524619378600"
"002380","KCC","KOSPI","화학","340000","-5000","-1.45","3021400140000"
"344820","KCC글라스","KOSPI","비금속광물","62500","200","0.32","998157000000"
"009070","KCTC","KOSPI","운수창고업","6500","-80","-1.22","195000000000"
"009440","KC그린홀딩스","KOSPI","기타금융","4365","25","0.58","97928687700"
"119650","KC코트렐","KOSPI","기계","5780","-30","-0.52","101728000000"
"092220","KEC","KOSPI","전기전자","3415","-50","-1.44","494314901515"
"016380","KG스틸","KOSPI","철강금속","23650","-650","-2.67","2365210414050"
"016385","KG스틸우","KOSPI","철강금속","352000","-44500","-11.22","18791520000"
"001390","KG케미칼","KOSPI","화학","45250","-2300","-4.84","627440844000"
"033180","KH 필룩스","KOSPI","전기전자","2330","-65","-2.71","347843209230"
"001940","KISCO홀딩스","KOSPI","철강금속","17950","-250","-1.37","290366021000"
"025000","KPX케미칼","KOSPI","화학","54100","-100","-0.18","261844000000"
"092230","KPX홀딩스","KOSPI","화학","63700","400","0.63","269109950200"
"000040","KR모터스","KOSPI","운수장비","857","-3","-0.35","82389724376"
"044450","KSS해운","KOSPI","운수창고업","11500","50","0.44","265487620000"
"030200","KT","KOSPI","통신업","36200","-150","-0.41","9452247449600"
"033780","KT&G","KOSPI","기타제조업","82000","600","0.74","11257984754000"
"058850","KTcs","KOSPI","서비스업","2490","60","2.47","106285650000"
"058860","KTis","KOSPI","서비스업","2610","15","0.58","90833220000"
"093050","LF","KOSPI","섬유의복","19750","100","0.51","577490000000"
"003550","LG","KOSPI","기타금융","73800","-1300","-1.73","11608813283400"
"034220","LG디스플레이","KOSPI","전기전자","18650","50","0.27","6673262805000"
"051900","LG생활건강","KOSPI","화학","930000","-12000","-1.27","14524923210000"
"051905","LG생활건강우","KOSPI","화학","497000","1000","0.20","1043549409000"
"373220","LG에너지솔루션","KOSPI","전기전자","436500","-500","-0.11","102141000000000"
"003555","LG우","KOSPI","기타금융","61600","100","0.16","186131792000"
"032640","LG유플러스","KOSPI","통신업","14700","50","0.34","6418187006700"
"011070","LG이노텍","KOSPI","전기전자","389500","1500","0.39","9218338176500"
"066570","LG전자","KOSPI","전기전자","123000","-2000","-1.60","20128681122000"
"066575","LG전자우","KOSPI","전기전자","61400","-600","-0.97","1055219908800"
"037560","LG헬로비전","KOSPI","서비스업","6620","-150","-2.22","512698246300"
"051910","LG화학","KOSPI","화학","486000","-17000","-3.38","34307878698000"
"051915","LG화학우","KOSPI","화학","251000","-5000","-1.95","1929888800000"
"079550","LIG넥스원","KOSPI","기계","78600","2200","2.88","1729200000000"
"006260","LS","KOSPI","기타금융","59400","100","0.17","1912680000000"
"010120","LS ELECTRIC","KOSPI","전기전자","47700","0","0.00","1431000000000"
"000680","LS네트웍스","KOSPI","유통업","3790","-80","-2.07","298663430640"
"229640","LS전선아시아","KOSPI","기타금융","8200","0","0.00","251124007800"
"001120","LX인터내셔널","KOSPI","유통업","37900","800","2.16","1469004000000"
"108670","LX하우시스","KOSPI","화학","61500","-300","-0.49","551511705000"
"108675","LX하우시스우","KOSPI","화학","30400","100","0.33","31382832000"
"383800","LX홀딩스","KOSPI","기타금융","10050","0","0.00","766620934500"
"38380K","LX홀딩스1우","KOSPI","기타금융","14900","100","0.68","21832746500"
"023150","MH에탄올","KOSPI","음식료품","11100","-300","-2.63","81901638600"
"035420","NAVER","KOSPI","서비스업","300000","-9500","-3.07","49214725500000"
"181710","NHN","KOSPI","서비스업","35800","-200","-0.56","1343141357000"
"400760","NH올원리츠","KOSPI","서비스업","5490","20","0.37","231678000000"
"005940","NH투자증권","KOSPI","증권","10900","-150","-1.36","3615158538900"
"005945","NH투자증권우","KOSPI","증권","11100","-100","-0.89","209467744800"
"338100","NH프라임리츠","KOSPI","서비스업","5190","10","0.19","96845400000"
"034310","NICE","KOSPI","서비스업","17350","-50","-0.29","657257905000"
"008260","NI스틸","KOSPI","철강금속","5400","-40","-0.74","154440631800"
"004250","NPC","KOSPI","화학","11200","-700","-5.88","411264000000"
"004255","NPC우","KOSPI","화학","7000","1360","24.11","36960000000"
"010060","OCI","KOSPI","화학","101500","-1000","-0.98","2420711156500"
"178920","PI첨단소재","KOSPI","화학","49550","-1950","-3.79","1455101255100"
"005490","POSCO홀딩스","KOSPI","철강금속","295500","-3500","-1.17","25763709742500"
"010950","S-Oil","KOSPI","화학","105500","1000","0.96","11877484556000"
"010955","S-Oil우","KOSPI","화학","61300","500","0.82","246544125100"
"034120","SBS","KOSPI","서비스업","51700","400","0.78","943658489400"
"005090","SGC에너지","KOSPI","전기가스업","55800","300","0.54","818976823200"
"001380","SG글로벌","KOSPI","운수장비","2010","-30","-1.47","90377927430"
"004060","SG세계물산","KOSPI","유통업","749","-4","-0.53","151616295040"
"001770","SHD","KOSPI","철강금속","33150","-1200","-3.49","40273205700"
"002360","SH에너지화학","KOSPI","화학","1045","0","0.00","116134747850"
"009160","SIMPAC","KOSPI","기계","9250","80","0.87","605223023000"
"123700","SJM","KOSPI","운수장비","4630","20","0.43","72250677740"
"025530","SJM홀딩스","KOSPI","유통업","3990","-35","-0.87","59586691920"
"034730","SK","KOSPI","기타금융","265000","0","0.00","19649572185000"
"011790","SKC","KOSPI","화학","152500","-3500","-2.24","5774915445000"
"018670","SK가스","KOSPI","유통업","116000","1000","0.87","1070708304000"
"001740","SK네트웍스","KOSPI","유통업","4885","-5","-0.10","1212396655595"
"001745","SK네트웍스우","KOSPI","유통업","80500","-100","-0.12","9148664000"
"006120","SK디스커버리","KOSPI","기타금융","41300","300","0.73","786263411500"
"006125","SK디스커버리우","KOSPI","기타금융","34300","350","1.03","46595006500"
"210980","SK디앤디","KOSPI","서비스업","29250","0","0.00","649062297000"
"068400","SK렌터카","KOSPI","서비스업","11400","-150","-1.30","539058576000"
"395400","SK리츠","KOSPI","서비스업","6910","30","0.44","1071191876120"
"302440","SK바이오사이언스","KOSPI","의약품","127500","-4500","-3.41","9774858390000"
"326030","SK바이오팜","KOSPI","서비스업","86800","-1100","-1.25","6797590100000"
"402340","SK스퀘어","KOSPI","기타금융","55400","-900","-1.60","7837303433400"
"361610","SK아이이테크놀로지","KOSPI","전기전자","127500","2000","1.59","9090442980000"
"03473K","SK우","KOSPI","기타금융","225000","500","0.22","127380375000"
"096770","SK이노베이션","KOSPI","화학","218000","-1000","-0.46","20157492952000"
"096775","SK이노베이션우","KOSPI","화학","136000","-1000","-0.73","169785936000"
"001510","SK증권","KOSPI","증권","888","-1","-0.11","419660071848"
"001515","SK증권우","KOSPI","증권","3930","-55","-1.38","15376180020"
"285130","SK케미칼","KOSPI","화학","126500","-2500","-1.94","2229028670000"
"28513K","SK케미칼우","KOSPI","화학","65100","-1000","-1.51","137714427900"
"017670","SK텔레콤","KOSPI","통신업","61600","-400","-0.65","13480121670400"
"000660","SK하이닉스","KOSPI","전기전자","110500","-2500","-2.21","80444261332500"
"064960","SNT모티브","KOSPI","운수장비","50200","-400","-0.79","734081427200"
"100840","SNT에너지","KOSPI","기계","18550","-150","-0.80","139249489050"
"003570","SNT중공업","KOSPI","운수장비","8410","40","0.48","279655181770"
"036530","SNT홀딩스","KOSPI","기타금융","18050","100","0.56","294285142300"
"005610","SPC삼립","KOSPI","음식료품","95900","900","0.95","827521963100"
"011810","STX","KOSPI","유통업","4550","-35","-0.76","130227615700"
"077970","STX엔진","KOSPI","기계","15300","-50","-0.33","352036231200"
"071970","STX중공업","KOSPI","기계","5300","10","0.19","150339672800"
"002820","SUN&L","KOSPI","종이목재","5600","10","0.18","70604738400"
"084870","TBH글로벌","KOSPI","섬유의복","2235","15","0.68","46614990465"
"002710","TCC스틸","KOSPI","철강금속","13950","1200","9.41","327825000000"
"069260","TKG휴켐스","KOSPI","화학","22850","-200","-0.87","934075735800"
"002900","TYM","KOSPI","기계","2500","-15","-0.60","379968617500"
"024070","WISCOM","KOSPI","화학","3470","-30","-0.86","53182739860"
"037270","YG PLUS","KOSPI","서비스업","6810","-170","-2.44","431954282100"
"000500","가온전선","KOSPI","전기전자","26900","-200","-0.74","111913334300"
"000860","강남제비스코","KOSPI","화학","25750","-250","-0.96","167375000000"
"035250","강원랜드","KOSPI","서비스업","26800","-400","-1.47","5733605400000"
"011420","갤럭시아에스엠","KOSPI","서비스업","2595","-65","-2.44","71491326180"
"002100","경농","KOSPI","화학","14350","200","1.41","280148951250"
"009450","경동나비엔","KOSPI","전기전자","51700","300","0.58","753196206400"
"267290","경동도시가스","KOSPI","전기가스업","24750","900","3.77","145911298500"
"012320","경동인베스트","KOSPI","기타금융","37300","100","0.27","88215357900"
"000050","경방","KOSPI","유통업","16150","-50","-0.31","442756610500"
"214390","경보제약","KOSPI","의약품","8880","-80","-0.89","212292916800"
"012610","경인양행","KOSPI","화학","7370","160","2.22","306565210050"
"009140","경인전자","KOSPI","전기전자","30450","0","0.00","47830768650"
"013580","계룡건설","KOSPI","건설업","37400","-250","-0.66","334015921800"
"012200","계양전기","KOSPI","기계","3585","0","0.00","116871000000"
"012205","계양전기우","KOSPI","기계","6770","0","0.00","9478000000"
"002140","고려산업","KOSPI","음식료품","5410","1245","29.89","134922289250"
"010130","고려아연","KOSPI","철강금속","621000","-9000","-1.43","11718270000000"
"002240","고려제강","KOSPI","철강금속","22550","-300","-1.31","518650000000"
"009290","광동제약","KOSPI","의약품","7460","-140","-1.84","391059548460"
"017040","광명전기","KOSPI","전기전자","2800","-65","-2.27","121345322000"
"017900","광전자","KOSPI","전기전자","2805","-20","-0.71","162532255215"
"037710","광주신세계","KOSPI","유통업","36750","-200","-0.54","294000000000"
"030610","교보증권","KOSPI","증권","7830","10","0.13","506235307680"
"339770","교촌에프앤비","KOSPI","유통업","16400","-200","-1.20","409713656000"
"007690","국도화학","KOSPI","화학","59400","-1000","-1.66","535230590400"
"005320","국동","KOSPI","유통업","2345","-30","-1.26","129464654760"
"001140","국보","KOSPI","운수창고업","1415","-15","-1.05","98568999050"
"002720","국제약품","KOSPI","의약품","6080","-50","-0.82","122786505920"
"083420","그린케미칼","KOSPI","화학","10100","-150","-1.46","242400000000"
"014530","극동유화","KOSPI","화학","4375","90","2.10","152553712500"
"014280","금강공업","KOSPI","철강금속","10450","150","1.46","306491780650"
"014285","금강공업우","KOSPI","철강금속","16050","-350","-2.13","9467493750"
"008870","금비","KOSPI","비금속광물","70100","-200","-0.28","70100000000"
"001570","금양","KOSPI","화학","4675","15","0.32","232397008250"
"002990","금호건설","KOSPI","건설업","10350","0","0.00","379161113400"
"002995","금호건설우","KOSPI","건설업","32400","400","1.25","9469418400"
"011780","금호석유","KOSPI","화학","152500","0","0.00","4620116210000"
"011785","금호석유우","KOSPI","화학","96700","-200","-0.21","292371096200"
"214330","금호에이치티","KOSPI","운수장비","1590","5","0.32","312578142930"
"001210","금호전기","KOSPI","전기전자","2225","-10","-0.45","46415767275"
"073240","금호타이어","KOSPI","화학","4165","-70","-1.65","1196439095355"
"092440","기신정기","KOSPI","기계","4530","0","0.00","132276000000"
"000270","기아","KOSPI","운수장비","79800","-100","-0.13","32347995090600"
"024110","기업은행","KOSPI","은행","11600","150","1.31","8633886809200"
"013700","까뮤이앤씨","KOSPI","건설업","2415","-25","-1.02","109042756200"
"004540","깨끗한나라","KOSPI","종이목재","4855","185","3.96","180803564515"
"004545","깨끗한나라우","KOSPI","종이목재","25700","750","3.01","9410312000"
"001260","남광토건","KOSPI","건설업","13400","-300","-2.19","131708787600"
"008350","남선알미늄","KOSPI","철강금속","3240","85","2.69","356980251600"
"008355","남선알미우","KOSPI","철강금속","36200","1800","5.23","11145618000"
"004270","남성","KOSPI","유통업","3000","-45","-1.48","108636480000"
"003920","남양유업","KOSPI","음식료품","417500","3500","0.85","300600000000"
"003925","남양유업우","KOSPI","음식료품","219500","4500","2.09","36582309000"
"025860","남해화학","KOSPI","화학","14950","-600","-3.86","742698702850"
"005720","넥센","KOSPI","화학","4535","-30","-0.66","242821935695"
"005725","넥센우","KOSPI","화학","3730","0","0.00","13430238000"
"002350","넥센타이어","KOSPI","화학","6890","-100","-1.43","672931672530"
"002355","넥센타이어1우B","KOSPI","화학","3425","-100","-2.84","22262500000"
"251270","넷마블","KOSPI","서비스업","99900","-2100","-2.06","8586754849800"
"090350","노루페인트","KOSPI","화학","11800","-200","-1.67","236000000000"
"090355","노루페인트우","KOSPI","화학","21150","-50","-0.24","9795114900"
"000320","노루홀딩스","KOSPI","기타금융","12650","-250","-1.94","168133060150"
"000325","노루홀딩스우","KOSPI","기타금융","38200","-450","-1.16","7076550000"
"006280","녹십자","KOSPI","의약품","184000","-5000","-2.65","2150322992000"
"005250","녹십자홀딩스","KOSPI","서비스업","22000","-450","-2.00","1034620620000"
"005257","녹십자홀딩스2우","KOSPI","서비스업","43950","-800","-1.79","37181260500"
"004370","농심","KOSPI","음식료품","314500","-4000","-1.26","1912990909000"
"072710","농심홀딩스","KOSPI","기타금융","75300","300","0.40","349225587000"
"058730","다스코","KOSPI","기계","4825","-15","-0.31","81429406825"
"030210","다올투자증권","KOSPI","증권","4840","-80","-1.63","291920205280"
"023590","다우기술","KOSPI","서비스업","21300","-400","-1.84","955658942100"
"145210","다이나믹디자인","KOSPI","기계","238","0","0.00","37672840548"
"019680","대교","KOSPI","서비스업","4005","-30","-0.74","339234914250"
"019685","대교우B","KOSPI","서비스업","2785","-15","-0.54","54104167150"
"006370","대구백화점","KOSPI","유통업","10800","0","0.00","116873398800"
"008060","대덕","KOSPI","기타금융","8110","30","0.37","274849116500"
"00806K","대덕1우","KOSPI","기타금융","11500","50","0.44","13942105500"
"353200","대덕전자","KOSPI","전기전자","31150","450","1.47","1539337213750"
"35320K","대덕전자1우","KOSPI","전기전자","15750","-50","-0.32","33004424250"
"000490","대동","KOSPI","기계","15700","0","0.00","372532897000"
"008110","대동전자","KOSPI","전기전자","8510","-180","-2.07","89273703970"
"005750","대림B&Co","KOSPI","비금속광물","7880","-70","-0.88","131377251200"
"006570","대림통상","KOSPI","기계","4155","-220","-5.03","63259875000"
"001680","대상","KOSPI","음식료품","26050","950","3.78","902581051250"
"001685","대상우","KOSPI","음식료품","20000","600","3.09","27404460000"
"084690","대상홀딩스","KOSPI","기타금융","10700","450","4.39","387474156600"
"084695","대상홀딩스우","KOSPI","기타금융","15700","-450","-2.79","14341667400"
"128820","대성산업","KOSPI","유통업","5040","20","0.40","227986809120"
"117580","대성에너지","KOSPI","전기가스업","11150","50","0.45","306625000000"
"016710","대성홀딩스","KOSPI","서비스업","59700","900","1.53","960540702300"
"003540","대신증권","KOSPI","증권","18300","100","0.55","929153220000"
"003547","대신증권2우B","KOSPI","증권","15300","-50","-0.33","153000000000"
"003545","대신증권우","KOSPI","증권","15650","0","0.00","406900000000"
"009190","대양금속","KOSPI","철강금속","4755","-50","-1.04","153846902820"
"014160","대영포장","KOSPI","종이목재","2360","10","0.43","255811135640"
"047040","대우건설","KOSPI","건설업","6560","40","0.61","2726484505280"
"009320","대우부품","KOSPI","운수장비","2240","-30","-1.32","106727880000"
"042660","대우조선해양","KOSPI","운수장비","26150","-600","-2.24","2805650994350"
"003090","대웅","KOSPI","기타금융","29900","-950","-3.08","1738445202000"
"069620","대웅제약","KOSPI","의약품","173500","-1000","-0.57","2010270762500"
"000430","대원강업","KOSPI","운수장비","3415","-20","-0.58","211730000000"
"006340","대원전선","KOSPI","전기전자","2075","5","0.24","147360206525"
"006345","대원전선우","KOSPI","전기전자","3200","25","0.79","8387840000"
"003220","대원제약","KOSPI","의약품","18750","-400","-2.09","409553175000"
"024890","대원화성","KOSPI","화학","3010","-60","-1.95","124159947520"
"002880","대유에이텍","KOSPI","운수장비","1245","-5","-0.40","143292171930"
"000300","대유플러스","KOSPI","전기전자","1290","40","3.20","156088418460"
"012800","대창","KOSPI","철강금속","2145","20","0.94","195496370355"
"015230","대창단조","KOSPI","운수장비","4750","-115","-2.36","135718092500"
"001070","대한방직","KOSPI","섬유의복","50400","0","0.00","267120000000"
"006650","대한유화","KOSPI","화학","159000","-3000","-1.85","1033500000000"
"001440","대한전선","KOSPI","전기전자","1850","55","3.06","2302275066650"
"084010","대한제강","KOSPI","철강금속","22000","-350","-1.57","542228148000"
"001790","대한제당","KOSPI","음식료품","4200","-75","-1.75","376725636000"
"001795","대한제당우","KOSPI","음식료품","5440","-210","-3.72","35266214400"
"001130","대한제분","KOSPI","음식료품","194000","9000","4.86","327860000000"
"003490","대한항공","KOSPI","운수창고업","31300","-500","-1.57","10886791822500"
"003495","대한항공우","KOSPI","운수창고업","38450","-550","-1.41","42710029300"
"005880","대한해운","KOSPI","운수창고업","2730","-75","-2.67","871354465800"
"003830","대한화섬","KOSPI","화학","129500","0","0.00","171976000000"
"016090","대현","KOSPI","섬유의복","2825","15","0.53","125097525750"
"069460","대호에이엘","KOSPI","철강금속","3195","-5","-0.16","166151243205"
"192080","더블유게임즈","KOSPI","서비스업","50700","-800","-1.55","931587251400"
"012510","더존비즈온","KOSPI","서비스업","41900","-300","-0.71","1273038649600"
"004830","덕성","KOSPI","화학","8490","-210","-2.41","133123200000"
"004835","덕성우","KOSPI","화학","11350","-350","-2.99","15799200000"
"024900","덕양산업","KOSPI","운수장비","3335","90","2.77","108604208300"
"145720","덴티움","KOSPI","의료정밀","75300","0","0.00","833482899000"
"002150","도화엔지니어링","KOSPI","서비스업","7890","-50","-0.63","266050800000"
"001230","동국제강","KOSPI","철강금속","19950","750","3.91","1903883103150"
"023450","동남합성","KOSPI","화학","61500","100","0.16","222015000000"
"004140","동방","KOSPI","운수창고업","3660","-75","-2.01","175576663560"
"007590","동방아그로","KOSPI","화학","8170","-10","-0.12","111255604090"
"005960","동부건설","KOSPI","건설업","13250","-100","-0.75","303066932000"
"005965","동부건설우","KOSPI","건설업","32550","850","2.68","7347576600"
"026960","동서","KOSPI","유통업","27600","0","0.00","2751720000000"
"002210","동성제약","KOSPI","의약품","8510","-200","-2.30","222119254700"
"102260","동성케미컬","KOSPI","서비스업","4945","-5","-0.10","245715704960"
"000640","동아쏘시오홀딩스","KOSPI","기타금융","110500","-500","-0.45","701554886500"
"170900","동아에스티","KOSPI","의약품","69600","-300","-0.43","587873128800"
"028100","동아지질","KOSPI","건설업","19300","0","0.00","271216067800"
"282690","동아타이어","KOSPI","화학","12950","0","0.00","177842544250"
"001520","동양","KOSPI","비금속광물","1555","5","0.32","371153717965"
"001527","동양2우B","KOSPI","비금속광물","17300","-100","-0.57","5338243700"
"001529","동양3우B","KOSPI","비금속광물","38300","-300","-0.78","3436352600"
"084670","동양고속","KOSPI","운수창고업","20050","-150","-0.74","58056158450"
"082640","동양생명","KOSPI","보험","6890","-30","-0.43","1111760650650"
"001525","동양우","KOSPI","비금속광물","8320","0","0.00","5139521920"
"008970","동양철관","KOSPI","철강금속","1370","0","0.00","162872847300"
"092780","동양피스톤","KOSPI","운수장비","6620","-60","-0.90","87175205200"
"049770","동원F&B","KOSPI","음식료품","183000","-2000","-1.08","706219692000"
"018500","동원금속","KOSPI","운수장비","934","-11","-1.16","43669107422"
"006040","동원산업","KOSPI","농업, 임업 및 어업","248500","500","0.20","913893788500"
"030720","동원수산","KOSPI","농업, 임업 및 어업","14150","-850","-5.67","65851340750"
"014820","동원시스템즈","KOSPI","화학","60100","-300","-0.50","1754223501100"
"014825","동원시스템즈우","KOSPI","화학","37700","200","0.53","10003996600"
"163560","동일고무벨트","KOSPI","화학","7660","230","3.10","106474000000"
"004890","동일산업","KOSPI","철강금속","175000","-1000","-0.57","424412625000"
"002690","동일제강","KOSPI","철강금속","3465","-90","-2.53","70340747400"
"000020","동화약품","KOSPI","의약품","12900","-50","-0.39","360315963000"
"000150","두산","KOSPI","서비스업","95500","-2500","-2.55","1578026242500"
"000157","두산2우B","KOSPI","서비스업","124000","-7000","-5.34","110736712000"
"241560","두산밥캣","KOSPI","기계","42300","450","1.08","4240539721800"
"034020","두산에너빌리티","KOSPI","기계","21150","-600","-2.76","13368311336700"
"000155","두산우","KOSPI","서비스업","80500","-700","-0.86","321715191000"
"336260","두산퓨얼셀","KOSPI","전기전자","36500","-1150","-3.05","2390520999000"
"33626K","두산퓨얼셀1우","KOSPI","전기전자","12300","-400","-3.15","164379660000"
"33626L","두산퓨얼셀2우B","KOSPI","전기전자","16550","-200","-1.19","49423265000"
"016740","두올","KOSPI","운수장비","3815","-80","-2.05","126149384200"
"192650","드림텍","KOSPI","전기전자","10700","-150","-1.38","718754845000"
"024090","디씨엠","KOSPI","철강금속","32000","300","0.95","374400000000"
"003160","디아이","KOSPI","의료정밀","8760","260","3.06","275911836600"
"092200","디아이씨","KOSPI","운수장비","5630","40","0.72","218942643470"
"377190","디앤디플랫폼리츠","KOSPI","서비스업","5410","0","0.00","348404000000"
"013570","디와이","KOSPI","기타금융","9320","-300","-3.12","245298979560"
"210540","디와이파워","KOSPI","기계","14700","-250","-1.67","162313107600"
"007340","디티알오토모티브","KOSPI","전기전자","80100","500","0.63","800519800500"
"115390","락앤락","KOSPI","화학","10650","-100","-0.93","549011909100"
"032350","롯데관광개발","KOSPI","서비스업","17000","-100","-0.58","1223314288000"
"089860","롯데렌탈","KOSPI","서비스업","45550","-350","-0.76","1668681569650"
"330590","롯데리츠","KOSPI","서비스업","5990","70","1.18","1455383615160"
"000400","롯데손해보험","KOSPI","보험","2300","80","3.60","713773536000"
"023530","롯데쇼핑","KOSPI","유통업","97800","-500","-0.51","2766640239000"
"004000","롯데정밀화학","KOSPI","화학","84000","-200","-0.24","2167200000000"
"286940","롯데정보통신","KOSPI","서비스업","37800","-800","-2.07","581981311800"
"280360","롯데제과","KOSPI","음식료품","127500","-1000","-0.78","818131417500"
"004990","롯데지주","KOSPI","기타금융","34000","-100","-0.29","3566914058000"
"00499K","롯데지주우","KOSPI","기타금융","51700","1000","1.97","51060109100"
"005300","롯데칠성","KOSPI","음식료품","194000","5000","2.65","1800103496000"
"005305","롯데칠성우","KOSPI","음식료품","83700","400","0.48","64893447000"
"011170","롯데케미칼","KOSPI","화학","195500","-1000","-0.51","6700844414500"
"002270","롯데푸드","KOSPI","음식료품","348500","-2500","-0.71","421355667500"
"071840","롯데하이마트","KOSPI","유통업","24000","-300","-1.23","566585088000"
"027740","마니커","KOSPI","음식료품","1960","5","0.26","124482006880"
"204320","만도","KOSPI","운수장비","54500","-1300","-2.33","2559163040000"
"001080","만호제강","KOSPI","철강금속","27200","-400","-1.45","112880000000"
"088980","맥쿼리인프라","KOSPI","기타금융","13850","0","0.00","5607110825950"
"094800","맵스리얼티1","KOSPI","기타금융","4990","5","0.10","463243311690"
"138040","메리츠금융지주","KOSPI","기타금융","38000","-600","-1.55","4979949172000"
"008560","메리츠증권","KOSPI","증권","6620","-100","-1.49","4367813632980"
"000060","메리츠화재","KOSPI","보험","45200","-700","-1.53","5452250000000"
"090370","메타랩스","KOSPI","섬유의복","870","-8","-0.91","64835399760"
"017180","명문제약","KOSPI","의약품","3865","-60","-1.53","131230099710"
"009900","명신산업","KOSPI","운수장비","22450","-250","-1.10","1177954485850"
"012690","모나리자","KOSPI","종이목재","4065","-10","-0.25","148662151575"
"005360","모나미","KOSPI","유통업","4980","35","0.71","94108588860"
"204210","모두투어리츠","KOSPI","서비스업","5300","20","0.38","41482119500"
"009680","모토닉","KOSPI","운수장비","9230","-90","-0.97","304590000000"
"009580","무림P&P","KOSPI","종이목재","5450","475","9.55","339907365800"
"009200","무림페이퍼","KOSPI","종이목재","3235","-30","-0.92","134606117850"
"033920","무학","KOSPI","음식료품","10000","-150","-1.48","285000000000"
"008420","문배철강","KOSPI","철강금속","5250","-80","-1.50","107643401250"
"025560","미래산업","KOSPI","의료정밀","14250","-500","-3.39","63441099750"
"007120","미래아이앤지","KOSPI","서비스업","413","-7","-1.67","53476953124"
"396690","미래에셋글로벌리츠","KOSPI","서비스업","6470","80","1.25","188018200000"
"357250","미래에셋맵스리츠","KOSPI","서비스업","5100","0","0.00","102510000000"
"085620","미래에셋생명","KOSPI","보험","4015","10","0.25","710719998835"
"006800","미래에셋증권","KOSPI","증권","8240","-120","-1.44","5070207201920"
"00680K","미래에셋증권2우B","KOSPI","증권","4515","-35","-0.77","632100000000"
"006805","미래에셋증권우","KOSPI","증권","5450","0","0.00","76712837500"
"002840","미원상사","KOSPI","화학","176000","-1000","-0.56","874720000000"
"268280","미원에스씨","KOSPI","화학","212000","-500","-0.24","1081200000000"
"107590","미원홀딩스","KOSPI","기타금융","145000","1500","1.05","336400000000"
"134380","미원화학","KOSPI","화학","71300","-400","-0.56","156807808400"
"003650","미창석유","KOSPI","화학","81400","-400","-0.49","141609300800"
"155900","바다로19호","KOSPI","서비스업","3275","-5","-0.15","49780013100"
"003610","방림","KOSPI","섬유의복","4115","50","1.23","174122480350"
"001340","백광산업","KOSPI","화학","5730","10","0.17","257382472110"
"035150","백산","KOSPI","화학","12500","550","4.60","303812500000"
"002410","범양건영","KOSPI","건설업","5840","60","1.04","145018774880"
"096300","베트남개발1","KOSPI","기타금융","204","1","0.49","28086763044"
"007210","벽산","KOSPI","비금속광물","3940","-75","-1.87","270126400000"
"002760","보락","KOSPI","화학","2150","10","0.47","128785000000"
"003850","보령","KOSPI","의약품","13150","-50","-0.38","903273500000"
"000890","보해양조","KOSPI","음식료품","966","-1","-0.10","134034025314"
"003000","부광약품","KOSPI","의약품","11700","-250","-2.09","831437673300"
"001270","부국증권","KOSPI","증권","24750","150","0.61","256654678500"
"001275","부국증권우","KOSPI","증권","22250","-100","-0.45","66750000000"
"026940","부국철강","KOSPI","철강금속","5400","30","0.56","108000000000"
"011390","부산산업","KOSPI","비금속광물","108000","-500","-0.46","114048000000"
"005030","부산주공","KOSPI","운수장비","591","1","0.17","38990399964"
"002070","비비안","KOSPI","섬유의복","2565","-60","-2.29","76421584350"
"100220","비상교육","KOSPI","서비스업","7960","-130","-1.61","103454058360"
"030790","비케이탑스","KOSPI","서비스업","1915","45","2.41","29706464310"
"005180","빙그레","KOSPI","음식료품","56000","0","0.00","551669496000"
"003960","사조대림","KOSPI","음식료품","32200","200","0.63","295095837400"
"008040","사조동아원","KOSPI","음식료품","2130","325","18.01","300637998000"
"007160","사조산업","KOSPI","농업, 임업 및 어업","55000","100","0.18","275000000000"
"014710","사조씨푸드","KOSPI","음식료품","6870","50","0.73","118291390410"
"006090","사조오양","KOSPI","음식료품","11700","200","1.74","110246046300"
"001470","삼부토건","KOSPI","건설업","2560","-70","-2.66","469906608640"
"006400","삼성SDI","KOSPI","전기전자","596000","-14000","-2.30","40983659880000"
"006405","삼성SDI우","KOSPI","전기전자","308000","-5500","-1.75","498311968000"
"006660","삼성공조","KOSPI","운수장비","13950","-200","-1.41","113362080300"
"028260","삼성물산","KOSPI","유통업","110000","-2000","-1.79","20557578910000"
"02826K","삼성물산우B","KOSPI","유통업","106500","500","0.47","173320762500"
"207940","삼성바이오로직스","KOSPI","의약품","801000","-5000","-0.62","52998165000000"
"032830","삼성생명","KOSPI","보험","66200","400","0.61","13240000000000"
"018260","삼성에스디에스","KOSPI","서비스업","139500","0","0.00","10794203100000"
"028050","삼성엔지니어링","KOSPI","서비스업","24200","-200","-0.82","4743200000000"
"009150","삼성전기","KOSPI","전기전자","167500","-1000","-0.59","12511194080000"
"009155","삼성전기우","KOSPI","전기전자","94800","-700","-0.73","275582083200"
"005930","삼성전자","KOSPI","전기전자","67000","-700","-1.03","399975430850000"
"005935","삼성전자우","KOSPI","전기전자","60400","-200","-0.33","49702356680000"
"001360","삼성제약","KOSPI","의약품","4020","-45","-1.11","269991557580"
"010140","삼성중공업","KOSPI","운수장비","6150","-30","-0.49","5412000000000"
"010145","삼성중공우","KOSPI","운수장비","251000","7500","3.08","28826095000"
"016360","삼성증권","KOSPI","증권","40000","-250","-0.62","3572000000000"
"068290","삼성출판사","KOSPI","서비스업","30750","-700","-2.23","307500000000"
"029780","삼성카드","KOSPI","기타금융","33050","-250","-0.75","3829136347550"
"000810","삼성화재","KOSPI","보험","214500","4500","2.14","10161902536500"
"000815","삼성화재우","KOSPI","보험","166000","0","0.00","529872000000"
"006110","삼아알미늄","KOSPI","철강금속","26500","700","2.71","291500000000"
"145990","삼양사","KOSPI","음식료품","56800","1100","1.97","585803903200"
"145995","삼양사우","KOSPI","음식료품","43000","2050","5.01","15913010000"
"003230","삼양식품","KOSPI","음식료품","106500","1000","0.95","802266097500"
"002170","삼양통상","KOSPI","기타제조업","59300","700","1.19","177900000000"
"272550","삼양패키징","KOSPI","화학","23950","-250","-1.03","378138670450"
"000070","삼양홀딩스","KOSPI","기타금융","88600","-1300","-1.45","758794410600"
"000075","삼양홀딩스우","KOSPI","기타금융","64600","400","0.62","19642146800"
"002810","삼영무역","KOSPI","유통업","14650","-200","-1.35","270540788200"
"005680","삼영전자","KOSPI","전기전자","11050","50","0.45","221000000000"
"003720","삼영화학","KOSPI","화학","3310","-20","-0.60","112540000000"
"023000","삼원강재","KOSPI","운수장비","3390","30","0.89","135600000000"
"004380","삼익THK","KOSPI","기계","13500","-150","-1.10","283500000000"
"002450","삼익악기","KOSPI","기타제조업","1745","-10","-0.57","157976446675"
"004440","삼일씨엔에스","KOSPI","비금속광물","11200","-200","-1.75","142597806400"
"000520","삼일제약","KOSPI","의약품","8500","20","0.24","116463982500"
"009770","삼정펄프","KOSPI","종이목재","29900","-100","-0.33","74749132900"
"005500","삼진제약","KOSPI","의약품","25300","-150","-0.59","351670000000"
"004690","삼천리","KOSPI","전기가스업","110500","2000","1.84","448080262500"
"010960","삼호개발","KOSPI","건설업","5230","0","0.00","130750000000"
"004450","삼화왕관","KOSPI","기계","44300","100","0.23","95438989700"
"009470","삼화전기","KOSPI","전기전자","27300","-250","-0.91","180557286000"
"011230","삼화전자","KOSPI","전기전자","3955","-45","-1.13","41361152700"
"001820","삼화콘덴서","KOSPI","전기전자","58200","200","0.34","604989000000"
"000390","삼화페인트","KOSPI","화학","9930","-170","-1.68","270130447170"
"001290","상상인증권","KOSPI","증권","1225","-25","-2.00","131633677175"
"041650","상신브레이크","KOSPI","운수장비","4095","50","1.24","87925587750"
"075180","새론오토모티브","KOSPI","운수장비","5850","-20","-0.34","112320000000"
"007540","샘표","KOSPI","기타금융","55500","-1200","-2.12","159606900000"
"248170","샘표식품","KOSPI","음식료품","48650","-100","-0.21","222247113900"
"007860","서연","KOSPI","기타금융","8500","-180","-2.07","199578674000"
"200880","서연이화","KOSPI","운수장비","6740","-50","-0.74","182171665380"
"017390","서울가스","KOSPI","전기가스업","184500","1000","0.54","922500000000"
"004410","서울식품","KOSPI","음식료품","355","-8","-2.20","132172369925"
"004415","서울식품우","KOSPI","음식료품","4505","10","0.22","10021372500"
"021050","서원","KOSPI","철강금속","2120","-30","-1.40","100646130800"
"008490","서흥","KOSPI","화학","39500","-300","-0.75","456979963500"
"007610","선도전기","KOSPI","전기전자","3000","0","0.00","54000000000"
"136490","선진","KOSPI","음식료품","14650","1100","8.12","348371198600"
"014910","성문전자","KOSPI","전기전자","2415","-50","-2.03","47060759655"
"014915","성문전자우","KOSPI","전기전자","9400","-10","-0.11","5640000000"
"003080","성보화학","KOSPI","화학","4590","205","4.68","91891800000"
"004980","성신양회","KOSPI","비금속광물","14050","-150","-1.06","344450825650"
"004985","성신양회우","KOSPI","비금속광물","20750","-600","-2.81","15264633750"
"011300","성안","KOSPI","섬유의복","637","-17","-2.60","36218456820"
"000180","성창기업지주","KOSPI","서비스업","2705","105","4.04","188678078000"
"002420","세기상사","KOSPI","서비스업","10900","-300","-2.68","46612978000"
"004360","세방","KOSPI","운수창고업","12300","-100","-0.81","237496887000"
"004365","세방우","KOSPI","운수창고업","7310","10","0.14","26968417500"
"004490","세방전지","KOSPI","전기전자","82200","-600","-0.72","1150800000000"
"001430","세아베스틸지주","KOSPI","철강금속","19150","0","0.00","686759578850"
"306200","세아제강","KOSPI","철강금속","159000","-500","-0.31","450971700000"
"003030","세아제강지주","KOSPI","기타금융","152500","-3000","-1.93","631602692500"
"019440","세아특수강","KOSPI","철강금속","17150","-200","-1.15","146975500000"
"058650","세아홀딩스","KOSPI","철강금속","121500","-500","-0.41","486000000000"
"013000","세우글로벌","KOSPI","유통업","2035","-65","-3.10","58414738085"
"091090","세원이앤씨","KOSPI","기계","983","-8","-0.81","153188580009"
"021820","세원정공","KOSPI","운수장비","8090","0","0.00","80900000000"
"067830","세이브존I&C","KOSPI","유통업","3620","-40","-1.09","148568039900"
"033530","세종공업","KOSPI","운수장비","7520","-110","-1.44","209213626720"
"075580","세진중공업","KOSPI","운수장비","7100","-100","-1.39","403631137600"
"027970","세하","KOSPI","종이목재","1690","40","2.42","97281464930"
"308170","센트랄모텍","KOSPI","운수장비","18700","-300","-1.58","161007000000"
"012600","센트럴인사이트","KOSPI","기계","2490","0","0.00","37500376080"
"068270","셀트리온","KOSPI","의약품","159000","-500","-0.31","22369393590000"
"336370","솔루스첨단소재","KOSPI","전기전자","76800","4000","5.49","2349293414400"
"33637K","솔루스첨단소재1우","KOSPI","전기전자","17500","200","1.16","128912000000"
"33637L","솔루스첨단소재2우B","KOSPI","전기전자","19900","-300","-1.49","32756395000"
"248070","솔루엠","KOSPI","전기전자","25000","-300","-1.19","1250138775000"
"004430","송원산업","KOSPI","화학","26050","800","3.17","625200000000"
"017550","수산중공업","KOSPI","기계","3100","-25","-0.80","167354005300"
"053210","스카이라이프","KOSPI","서비스업","9360","-60","-0.64","447613601760"
"026890","스틱인베스트먼트","KOSPI","기타금융","10200","100","0.99","425117385000"
"134790","시디즈","KOSPI","기타제조업","57600","-300","-0.52","115200000000"
"016590","신대양제지","KOSPI","종이목재","94100","-400","-0.42","379202486200"
"029530","신도리코","KOSPI","전기전자","33200","-100","-0.30","334656962800"
"004970","신라교역","KOSPI","농업, 임업 및 어업","13250","0","0.00","212000000000"
"011930","신성이엔지","KOSPI","전기전자","1890","20","1.07","389053005390"
"005390","신성통상","KOSPI","유통업","3660","-70","-1.88","525972707400"
"004170","신세계","KOSPI","유통업","256500","-1500","-0.58","2525288926500"
"035510","신세계 I&C","KOSPI","서비스업","17550","50","0.29","301860000000"
"034300","신세계건설","KOSPI","건설업","35200","-150","-0.42","140800000000"
"031430","신세계인터내셔날","KOSPI","유통업","32800","-100","-0.30","1170960000000"
"031440","신세계푸드","KOSPI","서비스업","76200","-800","-1.04","295082976000"
"006880","신송홀딩스","KOSPI","유통업","10150","580","6.06","120062908700"
"005800","신영와코루","KOSPI","섬유의복","12950","-50","-0.38","116550000000"
"001720","신영증권","KOSPI","증권","57800","200","0.35","542524498600"
"001725","신영증권우","KOSPI","증권","57800","-100","-0.17","407707501400"
"009270","신원","KOSPI","섬유의복","2015","-20","-0.98","192571158195"
"009275","신원우","KOSPI","섬유의복","36800","0","0.00","3339232000"
"002700","신일전자","KOSPI","유통업","2350","5","0.21","166961674350"
"019170","신풍제약","KOSPI","의약품","32000","-950","-2.88","1695519680000"
"019175","신풍제약우","KOSPI","의약품","54300","-9600","-15.02","119460000000"
"002870","신풍제지","KOSPI","종이목재","2300","40","1.77","80405010000"
"404990","신한서부티엔디리츠","KOSPI","서비스업","5570","70","1.27","311674273880"
"293940","신한알파리츠","KOSPI","서비스업","8020","20","0.25","419687586460"
"055550","신한지주","KOSPI","기타금융","42150","800","1.93","21774671201100"
"004080","신흥","KOSPI","유통업","16550","-100","-0.60","157225000000"
"102280","쌍방울","KOSPI","섬유의복","973","-22","-2.21","255502141517"
"003410","쌍용C&E","KOSPI","비금속광물","8260","10","0.12","4161880254700"
"003620","쌍용차","KOSPI","운수장비","2770","0","0.00","415056805540"
"004770","써니전자","KOSPI","전기전자","3285","65","2.02","114465861135"
"015540","쎌마테라퓨틱스","KOSPI","서비스업","6410","0","0.00","157390672070"
"004920","씨아이테크","KOSPI","기타제조업","1180","-30","-2.48","47143028420"
"112610","씨에스윈드","KOSPI","기계","62800","-1400","-2.18","2648364108400"
"008700","아남전자","KOSPI","전기전자","2320","-15","-0.64","178929582400"
"002790","아모레G","KOSPI","화학","46900","-250","-0.53","3867288642000"
"00279K","아모레G3우(전환)","KOSPI","화학","36800","-100","-0.27","260992960000"
"002795","아모레G우","KOSPI","화학","18650","50","0.27","120176310500"
"090430","아모레퍼시픽","KOSPI","화학","168500","1000","0.60","9856029891500"
"090435","아모레퍼시픽우","KOSPI","화학","75800","-700","-0.92","800283514000"
"002030","아세아","KOSPI","서비스업","163000","-500","-0.31","357136912000"
"183190","아세아시멘트","KOSPI","비금속광물","15700","-100","-0.63","611642013000"
"002310","아세아제지","KOSPI","종이목재","45600","250","0.55","408416491200"
"012170","아센디오","KOSPI","서비스업","1260","35","2.86","101441586960"
"267850","아시아나IDT","KOSPI","서비스업","19000","-300","-1.55","210900000000"
"020560","아시아나항공","KOSPI","운수창고업","20900","-300","-1.42","1555205867600"
"122900","아이마켓코리아","KOSPI","유통업","10950","100","0.92","366045798000"
"010780","아이에스동서","KOSPI","비금속광물","52500","-1100","-2.05","1621861815000"
"139990","아주스틸","KOSPI","철강금속","16800","-200","-1.18","444396775200"
"001780","알루코","KOSPI","철강금속","3870","5","0.13","347492067840"
"018250","애경산업","KOSPI","화학","20050","-100","-0.50","529519196750"
"161000","애경케미칼","KOSPI","화학","10450","0","0.00","508379009050"
"011090","에넥스","KOSPI","기타제조업","2200","-50","-2.22","131981610200"
"137310","에스디바이오센서","KOSPI","의료정밀","48450","350","0.73","5003497052850"
"005850","에스엘","KOSPI","운수장비","25900","50","0.19","1248464874300"
"010580","에스엠벡셀","KOSPI","운수장비","1530","0","0.00","170215192800"
"012750","에스원","KOSPI","서비스업","68500","-1000","-1.44","2602943693000"
"023960","에쓰씨엔지니어링","KOSPI","건설업","2470","-35","-1.40","76869139230"
"298690","에어부산","KOSPI","운수창고업","2320","-30","-1.28","449894400000"
"140910","에이리츠","KOSPI","서비스업","7760","-10","-0.13","34633128320"
"078520","에이블씨엔씨","KOSPI","화학","7290","-100","-1.35","197073916110"
"015260","에이엔피","KOSPI","전기전자","2700","50","1.89","60308304300"
"007460","에이프로젠 MED","KOSPI","기계","1785","30","1.71","366123616950"
"003060","에이프로젠제약","KOSPI","의약품","856","0","0.00","341180856552"
"244920","에이플러스에셋","KOSPI","기타금융","7240","30","0.42","163679697320"
"036570","엔씨소프트","KOSPI","서비스업","422500","-14500","-3.32","9275574295000"
"380440","엔에이치스팩19호","KOSPI","기타금융","2170","0","0.00","111299300000"
"085310","엔케이","KOSPI","기계","1140","0","0.00","91181021280"
"900140","엘브이엠씨홀딩스","KOSPI","유통업","3560","25","0.71","354060857320"
"097520","엠씨넥스","KOSPI","전기전자","46900","550","1.19","843024310800"
"014440","영보화학","KOSPI","화학","4700","-20","-0.42","94000000000"
"111770","영원무역","KOSPI","유통업","49850","0","0.00","2208926679800"
"009970","영원무역홀딩스","KOSPI","기타금융","52200","-500","-0.95","711777902400"
"003520","영진약품","KOSPI","의약품","4910","-110","-2.19","898003309210"
"000670","영풍","KOSPI","철강금속","707000","-14000","-1.94","1302322280000"
"006740","영풍제지","KOSPI","종이목재","10950","0","0.00","243090000000"
"012280","영화금속","KOSPI","운수장비","1555","-45","-2.81","83028455275"
"012160","영흥","KOSPI","철강금속","1005","-15","-1.47","101816923860"
"015360","예스코홀딩스","KOSPI","기타금융","36750","0","0.00","220500000000"
"007310","오뚜기","KOSPI","음식료품","467000","-8000","-1.68","1714815127000"
"002630","오리엔트바이오","KOSPI","의약품","878","-18","-2.01","104115878390"
"271560","오리온","KOSPI","음식료품","94100","800","0.86","3720350021200"
"001800","오리온홀딩스","KOSPI","기타금융","14800","50","0.34","927152245600"
"011690","와이투솔루션","KOSPI","전기전자","2440","0","0.00","388534954280"
"070960","용평리조트","KOSPI","서비스업","5260","-40","-0.75","253181331580"
"316140","우리금융지주","KOSPI","기타금융","16200","0","0.00","11794580893800"
"010050","우리종금","KOSPI","기타금융","890","-2","-0.22","778041031340"
"006980","우성","KOSPI","음식료품","38600","2050","5.61","119274000000"
"017370","우신시스템","KOSPI","기계","3305","-65","-1.93","60527948470"
"105840","우진","KOSPI","의료정밀","10150","-450","-4.25","206284682100"
"010400","우진아이엔에스","KOSPI","건설업","7500","210","2.88","57165000000"
"049800","우진플라임","KOSPI","기계","4940","-45","-0.90","98800000000"
"016880","웅진","KOSPI","기타금융","1725","-35","-1.99","137874213000"
"095720","웅진씽크빅","KOSPI","서비스업","3025","-35","-1.14","349405604625"
"005820","원림","KOSPI","섬유의복","22450","-350","-1.54","51589426500"
"010600","웰바이오텍","KOSPI","유통업","2305","-130","-5.34","139586466600"
"008600","윌비스","KOSPI","유통업","1340","-10","-0.74","90096292260"
"033270","유나이티드제약","KOSPI","의약품","30250","-350","-1.14","491405865500"
"014830","유니드","KOSPI","화학","136000","5500","4.21","1209018648000"
"000910","유니온","KOSPI","비금속광물","7480","-70","-0.93","116774910120"
"047400","유니온머티리얼","KOSPI","비금속광물","3015","20","0.67","126630000000"
"011330","유니켐","KOSPI","기타제조업","1370","-10","-0.72","99583192940"
"077500","유니퀘스트","KOSPI","유통업","11700","50","0.43","319912807500"
"002920","유성기업","KOSPI","운수장비","3170","10","0.32","82253575000"
"000700","유수홀딩스","KOSPI","서비스업","6160","20","0.33","160417561920"
"003470","유안타증권","KOSPI","증권","3710","-40","-1.07","740503296960"
"003475","유안타증권우","KOSPI","증권","3810","-70","-1.80","49195527720"
"072130","유엔젤","KOSPI","서비스업","4720","-85","-1.77","62282542880"
"000220","유유제약","KOSPI","의약품","7710","-90","-1.15","132861426210"
"000225","유유제약1우","KOSPI","의약품","10350","-50","-0.48","23462725500"
"000227","유유제약2우B","KOSPI","의약품","20300","-100","-0.49","6608868000"
"001200","유진투자증권","KOSPI","증권","3385","-40","-1.17","327892824930"
"000100","유한양행","KOSPI","의약품","59600","0","0.00","4364595969600"
"000105","유한양행우","KOSPI","의약품","58100","0","0.00","68612614000"
"003460","유화증권","KOSPI","증권","2650","5","0.19","150261399750"
"003465","유화증권우","KOSPI","증권","2730","-10","-0.36","47710640250"
"008730","율촌화학","KOSPI","화학","23200","-100","-0.43","575360000000"
"008250","이건산업","KOSPI","종이목재","12750","-100","-0.78","139646096250"
"025820","이구산업","KOSPI","철강금속","4745","40","0.85","158682290000"
"214320","이노션","KOSPI","서비스업","49400","-300","-0.60","988000000000"
"088260","이리츠코크렙","KOSPI","서비스업","6630","80","1.22","419954741700"
"139480","이마트","KOSPI","유통업","137500","0","0.00","3832925112500"
"007660","이수페타시스","KOSPI","전기전자","8350","50","0.60","528107598650"
"005950","이수화학","KOSPI","화학","14750","-150","-1.01","412403274000"
"015020","이스타코","KOSPI","서비스업","2100","5","0.24","89988360000"
"093230","이아이디","KOSPI","유통업","195","-3","-1.52","183441356475"
"074610","이엔플러스","KOSPI","기계","3970","30","0.76","221530970440"
"102460","이연제약","KOSPI","의약품","27250","-700","-2.50","490461223250"
"084680","이월드","KOSPI","기타제조업","2705","25","0.93","383585752065"
"350520","이지스레지던스리츠","KOSPI","서비스업","6080","10","0.16","125248000000"
"334890","이지스밸류리츠","KOSPI","서비스업","6220","0","0.00","192029139440"
"000760","이화산업","KOSPI","유통업","18650","0","0.00","52220000000"
"014990","인디에프","KOSPI","섬유의복","1005","-30","-2.90","71066559975"
"101140","인바이오젠","KOSPI","유통업","2600","-60","-2.26","138831732000"
"006490","인스코비","KOSPI","통신업","2895","-80","-2.69","318010249500"
"023800","인지컨트롤스","KOSPI","운수장비","11450","-50","-0.43","175565288850"
"034590","인천도시가스","KOSPI","전기가스업","27350","350","1.30","119649521900"
"129260","인터지스","KOSPI","운수창고업","3490","-95","-2.65","103820080260"
"023810","인팩","KOSPI","운수장비","10750","-100","-0.92","107500000000"
"249420","일동제약","KOSPI","의약품","64800","12800","24.62","1736852868000"
"000230","일동홀딩스","KOSPI","의약품","51600","0","0.00","595484640000"
"013360","일성건설","KOSPI","건설업","4915","-15","-0.30","265532285200"
"003120","일성신약","KOSPI","의약품","85300","600","0.71","226898000000"
"003200","일신방직","KOSPI","섬유의복","125000","-2000","-1.57","300000000000"
"007110","일신석재","KOSPI","유통업","1855","-20","-1.07","143682011550"
"007570","일양약품","KOSPI","의약품","25700","-400","-1.53","490501564800"
"007575","일양약품우","KOSPI","의약품","28750","-450","-1.54","12796050000"
"008500","일정실업","KOSPI","섬유의복","23750","-400","-1.66","28500000000"
"081000","일진다이아","KOSPI","화학","26950","-400","-1.46","382770176250"
"020760","일진디스플","KOSPI","전기전자","1940","35","1.84","99936657540"
"020150","일진머티리얼즈","KOSPI","전기전자","89100","-1300","-1.44","4108475398500"
"103590","일진전기","KOSPI","전기전자","5720","-50","-0.87","212099830800"
"271940","일진하이솔루스","KOSPI","운수장비","43200","-450","-1.03","1568729808000"
"015860","일진홀딩스","KOSPI","기타금융","6160","110","1.82","303980495280"
"226320","잇츠한불","KOSPI","화학","26700","1050","4.09","585512710500"
"317400","자이에스앤디","KOSPI","서비스업","9160","-70","-0.76","355247883200"
"033240","자화전자","KOSPI","전기전자","33600","2450","7.87","601440000000"
"000950","전방","KOSPI","섬유의복","58800","-1300","-2.16","98784000000"
"348950","제이알글로벌리츠","KOSPI","서비스업","5800","-10","-0.17","960480000000"
"194370","제이에스코퍼레이션","KOSPI","기타제조업","24450","-800","-3.17","326055444450"
"025620","제이준코스메틱","KOSPI","화학","1070","25","2.39","79632186280"
"030000","제일기획","KOSPI","서비스업","25400","250","0.99","2922047115000"
"271980","제일약품","KOSPI","의약품","26900","-200","-0.74","395561056800"
"001560","제일연마","KOSPI","비금속광물","11200","50","0.45","112000000000"
"002620","제일파마홀딩스","KOSPI","서비스업","14000","-150","-1.06","223626970000"
"006220","제주은행","KOSPI","은행","6500","120","1.88","208837031000"
"089590","제주항공","KOSPI","운수창고업","22700","-550","-2.37","1129544463600"
"004910","조광페인트","KOSPI","화학","8660","-240","-2.70","110848000000"
"004700","조광피혁","KOSPI","기타제조업","50500","-500","-0.98","335781469000"
"001550","조비","KOSPI","화학","25300","550","2.22","131363646700"
"000480","조선내화","KOSPI","비금속광물","82700","300","0.36","330800000000"
"120030","조선선재","KOSPI","기계","121000","-1500","-1.22","152175771000"
"018470","조일알미늄","KOSPI","철강금속","2630","290","12.39","326992426230"
"002600","조흥","KOSPI","음식료품","197500","0","0.00","118500000000"
"185750","종근당","KOSPI","의약품","96800","-1000","-1.02","1160442078400"
"063160","종근당바이오","KOSPI","의약품","36550","-50","-0.14","200511911100"
"001630","종근당홀딩스","KOSPI","의약품","71300","300","0.42","357203089300"
"044380","주연테크","KOSPI","전기전자","1090","-15","-1.36","64527175960"
"013890","지누스","KOSPI","기타제조업","66100","-400","-0.60","1044409745000"
"013870","지엠비코리아","KOSPI","운수장비","5880","-60","-1.01","112145006400"
"071320","지역난방공사","KOSPI","전기가스업","36100","-50","-0.14","417992658400"
"035000","지투알","KOSPI","서비스업","6710","0","0.00","111167314390"
"088790","진도","KOSPI","유통업","3830","-70","-1.79","47674859520"
"003780","진양산업","KOSPI","화학","9570","-20","-0.21","124410000000"
"010640","진양폴리","KOSPI","화학","6050","-150","-2.42","60500000000"
"100250","진양홀딩스","KOSPI","화학","3790","-10","-0.26","211843156680"
"051630","진양화학","KOSPI","화학","5190","-50","-0.95","62280000000"
"272450","진에어","KOSPI","운수창고업","18400","-400","-2.13","960480000000"
"011000","진원생명과학","KOSPI","의약품","12100","50","0.41","939909874200"
"002780","진흥기업","KOSPI","건설업","2475","25","1.02","360042568875"
"002787","진흥기업2우B","KOSPI","건설업","17000","-100","-0.58","5011736000"
"002785","진흥기업우B","KOSPI","건설업","6900","30","0.44","5914804200"
"009310","참엔지니어링","KOSPI","기계","1400","-15","-1.06","80670212000"
"000650","천일고속","KOSPI","운수창고업","67900","0","0.00","97044038000"
"033250","체시스","KOSPI","운수장비","1350","75","5.88","43200000000"
"118000","초록뱀헬스케어","KOSPI","유통업","1320","20","1.54","111810580200"
"035720","카카오","KOSPI","서비스업","92000","-1600","-1.71","41056877352000"
"323410","카카오뱅크","KOSPI","은행","43600","-1450","-3.22","20762164653200"
"377300","카카오페이","KOSPI","기타금융","118000","-2500","-2.07","15627765538000"
"006380","카프로","KOSPI","화학","4885","-35","-0.71","195400000000"
"109070","컨버즈","KOSPI","전기전자","4100","0","0.00","71952027500"
"001620","케이비아이동국실업","KOSPI","운수장비","785","-4","-0.51","68519513140"
"029460","케이씨","KOSPI","의료정밀","22200","-50","-0.22","300899776800"
"281820","케이씨텍","KOSPI","의료정밀","21550","-500","-2.27","449566531800"
"381970","케이카","KOSPI","유통업","29200","-800","-2.67","1404126763600"
"145270","케이탑리츠","KOSPI","서비스업","1510","-10","-0.66","72571768740"
"417310","코람코더원리츠","KOSPI","서비스업","6420","110","1.74","259368000000"
"357120","코람코에너지리츠","KOSPI","서비스업","7270","120","1.68","506137400000"
"007815","코리아써우","KOSPI","전기전자","11450","-300","-2.55","33945700500"
"007810","코리아써키트","KOSPI","전기전자","31100","-450","-1.43","734605356100"
"00781K","코리아써키트2우B","KOSPI","전기전자","10850","50","0.46","8503134150"
"003690","코리안리","KOSPI","보험","10050","70","0.70","1209709615800"
"192820","코스맥스","KOSPI","화학","84300","-1000","-1.17","956763608700"
"044820","코스맥스비티아이","KOSPI","기타금융","14000","-100","-0.71","134454894000"
"005070","코스모신소재","KOSPI","화학","58600","400","0.69","1763091695400"
"005420","코스모화학","KOSPI","화학","19300","200","1.05","537701030100"
"071950","코아스","KOSPI","기타제조업","1120","15","1.36","34616075200"
"002020","코오롱","KOSPI","기타금융","29000","-300","-1.02","366166354000"
"003070","코오롱글로벌","KOSPI","건설업","20300","0","0.00","511771891400"
"003075","코오롱글로벌우","KOSPI","건설업","29950","450","1.53","9368449850"
"002025","코오롱우","KOSPI","기타금융","19100","100","0.53","20559049000"
"120110","코오롱인더","KOSPI","화학","62300","200","0.32","1714439369300"
"120115","코오롱인더우","KOSPI","화학","31150","50","0.16","86218839000"
"138490","코오롱플라스틱","KOSPI","화학","12900","200","1.57","490200000000"
"021240","코웨이","KOSPI","서비스업","69500","2000","2.96","5129073520500"
"036420","콘텐트리중앙","KOSPI","서비스업","51000","-1100","-2.11","972702498000"
"031820","콤텍시스템","KOSPI","서비스업","984","-26","-2.57","119114642544"
"192400","쿠쿠홀딩스","KOSPI","기타금융","19000","-100","-0.52","675681515000"
"284740","쿠쿠홈시스","KOSPI","서비스업","34900","-300","-0.85","783062817000"
"015590","큐로","KOSPI","기계","473","23","5.11","109363104774"
"264900","크라운제과","KOSPI","음식료품","12900","150","1.18","161557665000"
"26490K","크라운제과우","KOSPI","음식료품","18100","-600","-3.21","14001436000"
"005740","크라운해태홀딩스","KOSPI","기타금융","9980","-170","-1.67","148176523060"
"005745","크라운해태홀딩스우","KOSPI","기타금융","15100","-450","-2.89","9070962600"
"259960","크래프톤","KOSPI","서비스업","250000","-8000","-3.10","12268011250000"
"020120","키다리스튜디오","KOSPI","서비스업","13750","-150","-1.08","502030320000"
"039490","키움증권","KOSPI","증권","96600","-1800","-1.83","2532804955800"
"014580","태경비케이","KOSPI","비금속광물","5270","210","4.15","145362937000"
"015890","태경산업","KOSPI","화학","7530","20","0.27","220092487500"
"006890","태경케미컬","KOSPI","화학","16050","300","1.90","186180000000"
"003240","태광산업","KOSPI","화학","1010000","-3000","-0.30","1124534000000"
"011280","태림포장","KOSPI","종이목재","4335","20","0.46","306943749900"
"004100","태양금속","KOSPI","운수장비","1500","-25","-1.64","55050000000"
"004105","태양금속우","KOSPI","운수장비","2600","-15","-0.57","8580000000"
"009410","태영건설","KOSPI","건설업","9990","0","0.00","388601989020"
"009415","태영건설우","KOSPI","건설업","12550","-300","-2.33","16341882100"
"001420","태원물산","KOSPI","운수장비","5140","-100","-1.91","39064000000"
"007980","태평양물산","KOSPI","섬유의복","2640","15","0.57","127114909680"
"055490","테이팩스","KOSPI","화학","88100","2500","2.92","415624965000"
"078000","텔코웨어","KOSPI","서비스업","10800","-50","-0.46","104789224800"
"214420","토니모리","KOSPI","화학","6250","250","4.17","150342493750"
"019180","티에이치엔","KOSPI","전기전자","4575","-25","-0.54","82350000000"
"363280","티와이홀딩스","KOSPI","기타금융","25550","-150","-0.58","1301242797400"
"36328K","티와이홀딩스우","KOSPI","기타금융","21650","-50","-0.23","27178067700"
"091810","티웨이항공","KOSPI","운수창고업","3375","5","0.15","372364691625"
"004870","티웨이홀딩스","KOSPI","비금속광물","826","4","0.49","90424009942"
"005690","파미셀","KOSPI","의약품","11550","-300","-2.53","692525872500"
"036580","팜스코","KOSPI","음식료품","7340","230","3.23","269583101620"
"004720","팜젠사이언스","KOSPI","의약품","8410","-70","-0.83","130161914810"
"028670","팬오션","KOSPI","운수창고업","6650","-80","-1.19","3554887254800"
"010820","퍼스텍","KOSPI","기계","3830","-65","-1.67","184075391800"
"016800","퍼시스","KOSPI","기타제조업","36200","-400","-1.09","416300000000"
"001020","페이퍼코리아","KOSPI","종이목재","2100","-15","-0.71","91658842800"
"090080","평화산업","KOSPI","운수장비","1800","-40","-2.17","98824066200"
"010770","평화홀딩스","KOSPI","운수장비","3865","-75","-1.90","56527426090"
"058430","포스코스틸리온","KOSPI","철강금속","55100","500","0.92","330600000000"
"047050","포스코인터내셔널","KOSPI","유통업","24950","50","0.20","3078209967550"
"003670","포스코케미칼","KOSPI","비금속광물","126000","-4000","-3.08","9760365720000"
"017810","풀무원","KOSPI","음식료품","18350","-100","-0.54","699511945700"
"103140","풍산","KOSPI","철강금속","33450","-300","-0.89","937412099100"
"005810","풍산홀딩스","KOSPI","기타금융","30200","-50","-0.17","314367745600"
"950210","프레스티지바이오파마","KOSPI","서비스업","18500","250","1.37","1111778867500"
"009810","플레이그램","KOSPI","유통업","2050","-25","-1.20","183919985300"
"086790","하나금융지주","KOSPI","기타금융","48750","700","1.46","14636800522500"
"293480","하나제약","KOSPI","의약품","20000","-250","-1.23","355458920000"
"039130","하나투어","KOSPI","서비스업","82100","-1900","-2.26","1144407088500"
"352820","하이브","KOSPI","서비스업","254500","-6500","-2.49","10524436991500"
"071090","하이스틸","KOSPI","철강금속","7050","-20","-0.28","140996052000"
"019490","하이트론","KOSPI","전기전자","2470","0","0.00","23739723280"
"000080","하이트진로","KOSPI","음식료품","36500","-250","-0.68","2559876801500"
"000087","하이트진로2우B","KOSPI","음식료품","21600","150","0.70","24410980800"
"000140","하이트진로홀딩스","KOSPI","기타금융","14350","50","0.35","333017077750"
"000145","하이트진로홀딩스우","KOSPI","기타금융","17700","-100","-0.56","8333337000"
"152550","한국ANKOR유전","KOSPI","기타금융","1530","-10","-0.65","107130600000"
"036460","한국가스공사","KOSPI","전기가스업","40500","-350","-0.86","3738676500000"
"005430","한국공항","KOSPI","운수창고업","50900","1300","2.62","161167469500"
"071050","한국금융지주","KOSPI","기타금융","74500","-1200","-1.59","4151586404000"
"071055","한국금융지주우","KOSPI","기타금융","67900","-100","-0.15","397775242900"
"010040","한국내화","KOSPI","비금속광물","4035","30","0.75","165705595170"
"025540","한국단자","KOSPI","전기전자","69000","200","0.29","718635000000"
"004090","한국석유","KOSPI","비금속광물","15350","-50","-0.32","194854742000"
"002200","한국수출포장","KOSPI","종이목재","26100","50","0.19","104400000000"
"002960","한국쉘석유","KOSPI","화학","251500","0","0.00","326950000000"
"000240","한국앤컴퍼니","KOSPI","기타금융","14200","100","0.71","1348080408000"
"123890","한국자산신탁","KOSPI","기타금융","4030","-10","-0.25","499630340560"
"015760","한국전력","KOSPI","전기가스업","21450","-250","-1.15","13770129451650"
"006200","한국전자홀딩스","KOSPI","기타금융","1890","-25","-1.31","88457927040"
"009540","한국조선해양","KOSPI","운수장비","96300","400","0.42","6815451070800"
"023350","한국종합기술","KOSPI","서비스업","7190","-180","-2.44","78730500000"
"025890","한국주강","KOSPI","기계","4080","-70","-1.69","46141776720"
"000970","한국주철관","KOSPI","철강금속","10400","50","0.48","237125200000"
"104700","한국철강","KOSPI","철강금속","9190","-210","-2.23","390115500000"
"017960","한국카본","KOSPI","기계","13400","-400","-2.90","589074143800"
"161890","한국콜마","KOSPI","화학","46350","-450","-0.96","1060542693000"
"024720","한국콜마홀딩스","KOSPI","기타금융","22300","-250","-1.11","414260833700"
"161390","한국타이어앤테크놀로지","KOSPI","화학","35250","-200","-0.56","4366596182250"
"034830","한국토지신탁","KOSPI","기타금융","2275","-5","-0.22","574412998250"
"007280","한국특강","KOSPI","철강금속","3010","-5","-0.17","181335740320"
"168490","한국패러랠","KOSPI","기타금융","2190","0","0.00","175243800000"
"010100","한국프랜지","KOSPI","운수장비","3080","-45","-1.44","93787293600"
"047810","한국항공우주","KOSPI","운수장비","43350","-350","-0.80","4225545888450"
"123690","한국화장품","KOSPI","유통업","9840","40","0.41","158109120000"
"003350","한국화장품제조","KOSPI","화학","32250","700","2.22","146157000000"
"011500","한농화성","KOSPI","화학","16850","-600","-3.44","263484157700"
"002390","한독","KOSPI","의약품","21800","-100","-0.46","300045019400"
"014790","한라","KOSPI","건설업","5410","-90","-1.64","204815031410"
"060980","한라홀딩스","KOSPI","기타금융","42050","-300","-0.71","440350543500"
"053690","한미글로벌","KOSPI","서비스업","13750","300","2.23","150666312500"
"042700","한미반도체","KOSPI","기계","16550","-400","-2.36","1637121928700"
"008930","한미사이언스","KOSPI","기타금융","49000","-400","-0.81","3362560516000"
"128940","한미약품","KOSPI","의약품","305000","-500","-0.16","3756981155000"
"009240","한샘","KOSPI","유통업","80700","-300","-0.37","1899187989600"
"020000","한섬","KOSPI","섬유의복","37150","-350","-0.93","915004500000"
"003680","한성기업","KOSPI","음식료품","9780","-170","-1.71","60729056700"
"105630","한세실업","KOSPI","섬유의복","26300","-650","-2.41","1052000000000"
"069640","한세엠케이","KOSPI","유통업","4350","25","0.58","56155550700"
"016450","한세예스24홀딩스","KOSPI","섬유의복","6960","-40","-0.57","278400000000"
"010420","한솔PNS","KOSPI","유통업","2180","-25","-1.13","44674766160"
"009180","한솔로지스틱스","KOSPI","운수창고업","4345","70","1.64","119389411625"
"213500","한솔제지","KOSPI","종이목재","15000","750","5.26","357008640000"
"014680","한솔케미칼","KOSPI","화학","235500","-1000","-0.42","2669438422500"
"004710","한솔테크닉스","KOSPI","전기전자","6760","-60","-0.88","217062775280"
"004150","한솔홀딩스","KOSPI","기타금융","3590","10","0.28","150810791430"
"025750","한솔홈데코","KOSPI","종이목재","1785","5","0.28","143808790965"
"004960","한신공영","KOSPI","건설업","18350","200","1.10","212322381700"
"011700","한신기계","KOSPI","기계","11700","-950","-7.51","379619966700"
"001750","한양증권","KOSPI","증권","14000","-50","-0.36","178199476000"
"001755","한양증권우","KOSPI","증권","20050","650","3.35","10526250000"
"018880","한온시스템","KOSPI","기계","11650","-100","-0.85","6218770000000"
"009420","한올바이오파마","KOSPI","의약품","18900","250","1.34","987348058200"
"014130","한익스프레스","KOSPI","운수창고업","6000","0","0.00","72000000000"
"300720","한일시멘트","KOSPI","비금속광물","21000","100","0.48","1454492340000"
"002220","한일철강","KOSPI","철강금속","4680","0","0.00","124944112800"
"006390","한일현대시멘트","KOSPI","비금속광물","32800","-200","-0.61","583004748000"
"003300","한일홀딩스","KOSPI","비금속광물","13550","0","0.00","417785578200"
"051600","한전KPS","KOSPI","건설업","37800","-1000","-2.58","1701000000000"
"052690","한전기술","KOSPI","서비스업","75200","-3600","-4.57","2874144000000"
"130660","한전산업","KOSPI","서비스업","13500","-450","-3.23","440100000000"
"002320","한진","KOSPI","운수창고업","33050","850","2.64","494019105400"
"003480","한진중공업홀딩스","KOSPI","전기가스업","4255","-80","-1.85","125649350060"
"180640","한진칼","KOSPI","운수창고업","56300","-1700","-2.93","3758659163200"
"18064K","한진칼우","KOSPI","운수창고업","39800","-250","-0.62","21363286800"
"005110","한창","KOSPI","유통업","737","-10","-1.34","49224428253"
"009460","한창제지","KOSPI","종이목재","2185","45","2.10","130373456910"
"372910","한컴라이프케어","KOSPI","의료정밀","6780","-170","-2.45","187632472680"
"000880","한화","KOSPI","화학","30450","-350","-1.14","2282493480750"
"00088K","한화3우B","KOSPI","화학","16100","100","0.63","361799200000"
"088350","한화생명","KOSPI","보험","3105","-10","-0.32","2696785650000"
"000370","한화손해보험","KOSPI","보험","5380","170","3.26","628055362700"
"009830","한화솔루션","KOSPI","화학","33300","-850","-2.49","6369573950100"
"009835","한화솔루션우","KOSPI","화학","35550","-600","-1.66","39948850350"
"272210","한화시스템","KOSPI","전기전자","15800","-300","-1.86","2984926346200"
"012450","한화에어로스페이스","KOSPI","운수장비","52400","-600","-1.13","2653012000000"
"000885","한화우","KOSPI","화학","40900","-600","-1.45","19603124600"
"003530","한화투자증권","KOSPI","증권","4880","-50","-1.01","1046993142000"
"003535","한화투자증권우","KOSPI","증권","11150","-100","-0.89","53520000000"
"195870","해성디에스","KOSPI","전기전자","72700","400","0.55","1235900000000"
"101530","해태제과식품","KOSPI","음식료품","8880","10","0.11","258557379360"
"143210","핸즈코퍼레이션","KOSPI","운수장비","4905","-5","-0.10","107239329540"
"000720","현대건설","KOSPI","건설업","44150","-50","-0.11","4916357024750"
"267270","현대건설기계","KOSPI","기계","37000","250","0.68","728929341000"
"000725","현대건설우","KOSPI","건설업","76900","-1100","-1.41","81105891700"
"005440","현대그린푸드","KOSPI","유통업","9210","30","0.33","899858279220"
"086280","현대글로비스","KOSPI","운수창고업","198000","2500","1.28","7425000000000"
"042670","현대두산인프라코어","KOSPI","기계","6450","-30","-0.46","1273590309900"
"064350","현대로템","KOSPI","운수장비","19450","-150","-0.77","2122817598850"
"079430","현대리바트","KOSPI","기타제조업","15250","0","0.00","313163050500"
"012330","현대모비스","KOSPI","운수장비","213000","1000","0.47","20144069022000"
"010620","현대미포조선","KOSPI","운수장비","85600","-1300","-1.50","3419047954400"
"069960","현대백화점","KOSPI","유통업","77700","-700","-0.89","1818369665700"
"004560","현대비앤지스틸","KOSPI","철강금속","19150","-700","-3.53","288759230650"
"004565","현대비앤지스틸우","KOSPI","철강금속","78500","-2700","-3.33","8623382000"
"004310","현대약품","KOSPI","의약품","5230","-60","-1.13","167360000000"
"322000","현대에너지솔루션","KOSPI","전기전자","22400","-350","-1.54","250880000000"
"017800","현대엘리베이","KOSPI","기계","36400","-400","-1.09","1485672952400"
"307950","현대오토에버","KOSPI","서비스업","135000","1500","1.12","3702237570000"
"011210","현대위아","KOSPI","운수장비","67400","-2800","-3.99","1832948594200"
"267260","현대일렉트릭","KOSPI","전기전자","22550","-50","-0.22","812862894250"
"004020","현대제철","KOSPI","철강금속","44550","50","0.11","5945009721750"
"329180","현대중공업","KOSPI","운수장비","140000","-5500","-3.78","12428236240000"
"005380","현대차","KOSPI","운수장비","180000","-3000","-1.64","38460273660000"
"005387","현대차2우B","KOSPI","운수장비","93500","100","0.11","3411389668500"
"005389","현대차3우B","KOSPI","운수장비","88200","100","0.11","214214427000"
"005385","현대차우","KOSPI","운수장비","91700","-100","-0.11","2233508014500"
"001500","현대차증권","KOSPI","증권","11450","50","0.44","363108834900"
"011760","현대코퍼레이션","KOSPI","유통업","18300","150","0.83","242090077800"
"227840","현대코퍼레이션홀딩스","KOSPI","유통업","13850","700","5.32","126046578600"
"126560","현대퓨처넷","KOSPI","서비스업","3455","-40","-1.14","389988639180"
"001450","현대해상","KOSPI","보험","33550","1350","4.19","2999370000000"
"057050","현대홈쇼핑","KOSPI","유통업","60200","200","0.33","722400000000"
"093240","형지엘리트","KOSPI","섬유의복","2020","-65","-3.12","62932691960"
"003010","혜인","KOSPI","유통업","5980","-120","-1.97","76022227060"
"111110","호전실업","KOSPI","섬유의복","11650","-100","-0.85","112840525300"
"008770","호텔신라","KOSPI","유통업","82300","-1100","-1.32","3230120358300"
"008775","호텔신라우","KOSPI","유통업","78400","-1000","-1.26","58947313600"
"002460","화성산업","KOSPI","건설업","22900","-300","-1.29","285123320000"
"378850","화승알앤에이","KOSPI","운수장비","4815","-95","-1.93","91454294745"
"241590","화승엔터프라이즈","KOSPI","기타제조업","16900","400","2.42","1023810635900"
"006060","화승인더","KOSPI","화학","5920","20","0.34","327494400000"
"013520","화승코퍼레이션","KOSPI","운수장비","1815","-35","-1.89","90843022380"
"010690","화신","KOSPI","운수장비","8210","-260","-3.07","286696566100"
"133820","화인베스틸","KOSPI","철강금속","3530","-130","-3.55","104311500000"
"010660","화천기계","KOSPI","기계","3360","180","5.66","73920000000"
"000850","화천기공","KOSPI","기계","36650","1050","2.95","80630000000"
"016580","환인제약","KOSPI","의약품","17950","100","0.56","333871256500"
"032560","황금에스티","KOSPI","철강금속","10200","-450","-4.23","173400000000"
"004800","효성","KOSPI","기타금융","85900","500","0.59","1810001047500"
"094280","효성ITX","KOSPI","서비스업","17600","-50","-0.28","203424320000"
"298040","효성중공업","KOSPI","전기전자","58600","-700","-1.18","546418512800"
"298050","효성첨단소재","KOSPI","화학","502000","-11000","-2.14","2248933896000"
"298020","효성티앤씨","KOSPI","화학","426000","-4000","-0.93","1843592532000"
"298000","효성화학","KOSPI","화학","240000","-3000","-1.23","765630240000"
"093370","후성","KOSPI","화학","19550","-950","-4.63","1810463311450"
"081660","휠라홀딩스","KOSPI","유통업","34050","-950","-2.71","2068613159100"
"005870","휴니드","KOSPI","전기전자","9100","-220","-2.36","128455736500"
"079980","휴비스","KOSPI","화학","7960","90","1.14","274620000000"
"005010","휴스틸","KOSPI","철강금속","24350","100","0.41","190845925250"
"000540","흥국화재","KOSPI","보험","4270","5","0.12","274316094150"
"000547","흥국화재2우B","KOSPI","보험","30950","-300","-0.96","4753920000"
"000545","흥국화재우","KOSPI","보험","8970","-10","-0.11","6888960000"
"003280","흥아해운","KOSPI","운수창고업","3055","55","1.83","734498066445"